A,B,C
260.2941779915168,6.023530378067164,6.250190004314784
573.1843259116741,6.216912316869685,8.12239870443598
278.1848500983811,5.984904324509584,6.941317108141667
840.3071317784066,7.094901207742803,9.89864002025818
489.4514573635227,5.807849855891178,7.788574190717769
791.1168788350675,6.863899014931412,9.229070576533102
5.844744991429173,1.9652164163812675,1.5141638000081339
151.48945413240799,5.004456589519403,4.848047707417166
56.68574038561136,4.359749411117279,4.1409419270309
14.49721591195674,2.1868860905649403,1.9876671527181795
916.7998242611288,7.155498735750832,9.23846111922632
731.7057631415312,6.683254644153297,9.211920449725598
473.4943943162099,6.15604009938399,7.569521603131228
119.63598422222155,4.936021100552649,5.132409894416977
497.6367658254044,6.4575349405079,8.37858521191535
56.16012270399806,4.350238581934131,3.800714478421739
958.161252212066,6.538750202139114,10.11983939588433
924.1267312150593,6.434567221286146,9.754312689665532
712.5643310321924,6.758281384585124,8.833371069070559
723.0164477431623,6.716912847043076,9.378247462369355
271.4895835682228,5.332926259174317,6.380986484180927
981.7372349455732,6.831072966211225,10.34996700247002
594.0826146434664,6.55597799993567,8.79211570305445
818.8715922462081,7.0709649350735,8.867567921590917
188.28751020387713,5.109341641013166,5.340338572045058
725.1846309562256,6.4615303175415635,8.876780953287343
607.4245184111296,6.431017860830817,8.203992743984205
837.2611269292045,6.556635556046608,9.039205889917463
394.0705651713199,5.721770380679466,7.350325999424713
688.5760254234144,6.847604870407764,8.97046440088321
393.20100731343956,6.330479348116348,7.665022577416755
107.41392034364172,4.987575566916949,4.553846352472617
558.787007772516,6.357037834755382,7.905860019912971
866.7766339415281,6.925875680758413,9.421718265754352
447.31416427193426,5.711654359337345,8.122582417367779
526.4111086318087,6.6781281682300815,8.222624066513283
377.2489139421837,5.527782203275389,6.925950107754927
1000.119269476997,6.645014536948887,9.906562214711156
957.0651847641235,6.7888399787115405,9.472463910325944
77.4901865485067,3.9693353419018305,4.461458993414143
367.0877584282746,5.455730196886011,7.473298204150608
619.9652160418389,6.598574865981811,8.952960917097228
299.61593740191506,5.534322271371285,6.280322218004798
36.19091401865748,3.7413849358188185,3.3024930998348876
394.0364383780829,5.4938644609411975,6.852749838452803
618.6930165357091,6.74220121480106,8.565134630552464
618.2406366180973,6.052038001905198,8.207046700263913
73.11262753234394,4.576991747592793,3.9005764335498516
449.45716401146865,6.1345997901877745,7.962424615746457
730.2754134003782,6.514378007092323,8.708260702182418
184.88436462488434,5.620568475558784,5.879478727549779
631.3817929609955,6.9057888097549,8.818044457346357
937.8574722081289,7.11122027979319,9.408521806023817
507.413005104826,6.003732923087449,8.281294044538473
730.7804786880005,6.365528248935265,8.896036643801793
638.0899568616702,6.912804309414878,8.497116635521726
375.01982330959015,6.224805787458285,7.513717462742332
4.319917728170196,1.3644581305613133,1.6564145506635333
600.448453963386,6.848369957714298,7.988727389049883
461.1072064029199,6.274060563086498,7.736872610301743
37.05864535536318,3.770223832978627,3.058709636481901
865.283058011973,6.676379529255474,9.334379702287496
770.1900667028175,6.385303550657009,9.25550637571681
726.9132280489032,6.759919818515293,9.272364451711992
432.08310783339675,6.039205092569082,7.731864947906411
897.4371000630215,6.459838154334439,9.562284145178195
341.22439865752295,5.876267151576417,7.302254533978387
572.7646992350541,6.079454389027442,8.74163985062497
751.3656808775269,6.884974951285396,9.405350856067999
921.798217165621,6.448532297157195,10.00715270365458
559.2346046135111,6.503508897913072,8.60596653161939
548.9473172423649,6.275969995763225,7.7524012512428655
986.5866792048081,6.9820231963056605,9.592458790443986
928.2026611698549,6.7344062785588745,9.370726678404466
778.6794078227106,7.1231462866518145,9.358130576440738
251.89627749802412,5.395940808500234,6.779494104691485
605.7449391623205,6.214569572231461,8.672685852125202
955.4145112688801,6.767283385235689,9.634874694258665
720.8161295399431,6.562080797270781,8.993243424190434
597.3824892542201,6.322099474503144,8.75803263078961
150.5851425268916,5.0181221822132045,4.849833434844519
71.28936202168157,4.08446760196987,4.154137369898534
966.501211807205,6.65285084561743,9.693364703510822
53.17390407383971,3.819996186941681,3.9204893315433624
569.0771976547435,6.4000747912603435,8.113090687329882
516.0121378280334,6.4803293569797145,7.642399694418876
168.96757296828602,4.7477383911249955,5.7242202609984325
386.75027849147557,6.240864480926971,7.051878172474838
594.8432623799886,6.070071048885781,8.601379386545924
799.9505563656563,6.833883328359392,9.384701153991626
967.1225922861372,7.084374127098229,9.708105331260507
552.624698400442,5.897290425761307,8.265719570762823
190.86538635789995,5.248634404218218,5.80800033187809
814.6858124856604,6.789641432487724,9.004675377509564
167.96974915443863,5.13080102736087,5.333342235356622
108.98377130167015,5.076513200484204,4.607030036540009
222.51268206572095,5.041781461976388,6.5119417188071855
858.6545393568786,6.449606884688146,9.033088252566941
332.90798112479445,6.062998822495757,7.006996120292849
251.16508691299543,5.74311187089283,6.418394137163662
623.2346230974499,6.770342963008968,8.900873786986116
629.2756103347209,6.781943378576342,8.156038673056687
86.47916724809734,4.731411809747918,4.039812590344584
613.1177994797048,6.610052326434026,8.291935903242877
448.5581811029271,6.20221144958622,8.092028905103197
109.32092343511535,5.191282635304388,5.042730142302039
11.581845368657916,2.7387291271176197,2.549524252950404
382.22547774606807,5.700163955804299,7.5666580673127966
821.9663442002204,6.765618900200158,9.340544962413896
984.5650849049543,6.689961905634603,9.671013468125432
13.356350351793278,2.618205052392943,2.4819102325491906
779.2119777759585,7.0176708320691015,8.746216845682817
95.06091480229806,4.255854335119159,4.705609460056615
883.5168583956429,6.526618238807455,9.368692910689097
219.06719995724677,5.583146855604197,5.681732309262271
710.1031393592767,6.500428382700443,9.229210778764555
125.05181518823782,4.494031799771032,4.835158300472611
738.5444282991601,6.604741586579349,8.545588617843773
214.57247170966042,5.680618226820436,5.647389937397769
294.22399489351847,5.303748055442984,6.212670925245641
701.3187654236895,6.7224031395148724,8.58999145395982
183.39200569271375,4.835599556314673,5.431650126698553
311.37337630927675,5.914748349696364,7.0464637224576
43.238542316718195,3.6161950597650714,3.7403222738879203
125.02512363840523,5.2442699622397,5.409420832590866
90.02314060401528,4.067903971512128,4.350922901255099
238.4042607458301,5.11232067491037,5.881276149579366
317.1582196998148,5.519008469504411,6.552986480270597
876.542584181386,6.320672199452432,9.717070145918246
269.76007124530645,5.8955284252402675,6.947218254489757
972.6770174234994,7.003807493912131,9.473156746824595
707.1590206001993,6.2062685428241675,9.179663951175826
887.5533798989092,6.447466845677498,9.312772900334323
832.0025890748234,6.82412334992985,9.763523722660612
222.15003150784273,5.34435963475748,6.502295561447715
405.6162015414888,5.5209675874147015,7.7835148283317865
456.7566601256993,6.492911274608789,7.804077079577294
141.3529210945098,5.372275901823513,5.260229286635688
549.0213561199125,6.561270066045093,7.769710508543384
772.4176907267415,6.453421464589251,8.930928952608658
225.61870605287203,5.8776153965379745,6.227764757563528
172.89547953403684,5.06085797343317,5.821297394528554
954.4844223477088,6.532124924426729,10.314674836182245
533.8674124614114,6.122959570557554,8.404176182960208
448.81390763175744,6.39651228115162,7.3377918971938545
527.8039169110369,5.843836374120007,8.35255136624861
142.19859877227404,4.833143457487629,5.046208620895432
648.5965714160416,6.946542204666393,8.443393359654918
521.0991162152277,6.553932971676001,7.832549546760296
479.38443908244557,6.366565912212883,8.223244347375637
633.305387341142,6.75100513580744,8.469559368046946
489.7752201269465,6.060637348263767,7.83163698877151
832.2190430318484,6.274017677183107,9.191325346057976
85.8719847520335,3.977200888337574,4.626158903032232
52.25774173080588,3.5941895510464352,3.6572945434358863
291.36436254558305,5.491640652953755,7.015732923334285
688.8760503256968,6.077835401866114,9.26410368761478
607.2163980632969,5.990675699896988,8.095086977575402
274.775526664479,6.114645005626847,6.474297294229922
948.8755902410692,6.558115109464838,10.02241757441
192.94330094279388,5.315554926040375,5.7169756440829955
523.6612699236923,5.804594957947177,8.372963952123001
689.2700403254145,6.8361594538209465,8.930883507980049
684.1848783655009,6.3212957421419125,8.366451745260532
420.09291091372035,6.21697431914685,7.299153822584709
819.5772615387605,7.154154831904744,8.978700660122266
141.35920114866306,5.1818352007391635,5.671725557201198
926.1685410154647,7.226560982968457,9.74634208443563
337.1158391711426,5.95677999617777,7.01477368956082
584.5200303491499,6.709650427021076,8.149496794896534
446.72705022817615,5.735053732226283,7.811814533180392
163.785161098007,5.060238749295464,5.198280313975881
889.2563948691312,7.0052422513735415,9.390067630600068
730.0380338055298,6.592029016767858,9.245556897503175
302.20177594309195,5.96173984198995,7.029663110930507
33.43950302603804,3.972947902409874,3.511555099061858
87.03614490624322,4.663795909596623,4.223031316398311
469.6873136979832,6.3438356782666965,7.82723382176905
108.56316970364033,4.951434568166559,5.2035891066530695
267.7651435415952,5.143487600929219,6.620940082341201
549.417237474924,6.068390766024659,8.66858400090738
248.07398989747543,5.595967709561462,6.682757415548691
155.46714437942322,5.083181083650251,4.895538033915143
12.017895047279458,2.7049323368555807,1.7934242291299298
684.1371739034362,6.413745708650641,9.04198341940278
156.86368057994304,4.670777859896398,5.270168535226713
260.2997594328781,5.319023270166731,6.730174713054307
714.9230195672545,6.4336353892142135,9.363539478960245
846.1686038776336,6.922830113881043,9.151046130178957
591.034466591832,6.025668986294347,8.033063418660465
181.24769546182384,4.745132935374388,6.096100552881071
775.7465998936917,6.864312313248977,8.815110325131638
544.1569567527647,6.66754097436896,7.77447402610625
753.3372531436802,6.523955996323909,9.512810897893141
899.6952451298905,6.657626700091248,9.986704786666241
652.7056223488827,5.985726299624887,8.982973261995928
137.3781224239462,4.8671183344042745,5.112721208880736
131.30888307545163,5.269228049441997,5.03465001381442
827.033687511235,7.108793019759292,9.401088640814072
71.20429603107515,4.300742914048308,3.874390798606968
560.3198348844821,6.784176342350188,7.876377172313941
986.2735765921109,7.191566706702926,9.842689182850005
212.84809492524082,5.743240308172597,6.128776603787607
625.3748477961065,6.295843816569671,8.834141577406756
507.170237344303,6.5741046886753525,8.364985284814134
856.4300147972066,6.302111064624193,9.336541602775382
979.4469320930021,6.475498596208677,9.691020223578649
493.2152548456824,6.214084013167489,8.076576073290399
7.0862118388275155,1.6533271868307722,2.4087353840427665
71.83575485009885,4.307245928267593,4.570532784492372
317.01038299968985,5.416060755221338,6.60882773214642
831.6465234848448,6.280611507637205,9.502660434009737
282.43865183856855,5.435745983578486,6.138712015040976
86.23108906920385,4.133441126000663,3.963674189344419
819.3933373087257,6.719089192551326,9.420715314010408
689.8531684856339,6.922535910523757,8.52258255804433
344.5267366706366,5.756178810089622,6.880460005458953
6.563378402563046,1.805588324124872,1.5189348094173858
631.608811460268,6.812325966974302,8.193259800169331
69.54610732504773,4.047531617987088,4.213341479496027
628.134527548762,6.355983373278809,8.545885665705377
584.9211198317566,6.227943202779068,8.531864899904088
836.3336281053064,6.517368436069114,8.991108600217167
756.6097808937203,7.014520211543383,8.77973871324753
754.0014667043347,6.369576516012907,9.305474551590226
868.2943498447752,7.132182951260953,9.624084791520728
727.4252864719429,6.365622405671456,8.532726789392282
327.8169348015071,5.3606362708471185,6.901165525534278
98.48592703735082,4.602635331120989,4.243951290208538
370.30690628006704,5.851337383137448,6.946302617023688
785.5878892170608,6.3127928265012825,9.715469989295602
780.0066849296471,6.219894932836895,9.508427579971686
339.7906249443782,5.394391103050994,6.984539069559428
67.49362124476588,3.9339971854076135,4.170815285323419
648.6261668801877,6.711204159550522,9.055937554268196
10.621428693564749,2.8103310521160574,1.8835941609551994
88.38092896582094,3.9986220934630725,4.949747209461797
442.3575178385482,6.531132327938546,7.974900037089883
313.40557688724033,5.775814022821049,6.6519848042396905
980.9921525744656,6.43837627686268,9.876259490430588
303.1225801136286,5.5805829178816815,6.750037821996654
580.4817693422717,6.122584173839692,7.866163813077948
539.2700809304895,5.855254668352791,7.976848277580223
743.1180863246332,6.468308147747427,9.43780318688609
621.4422462938609,6.246447887619131,8.212987111915405
158.18472094985137,5.220205968718453,5.596104325547475
87.291881138303,4.193680511628285,4.095789590507404
466.96331341327357,6.576706030035627,7.537773616670875
275.69691574821053,5.961868439953576,6.647540636969873
62.42440570509577,3.989500854595533,3.5102045813657443
961.5066696409444,7.119653690580531,9.917251375004204
930.017925129883,6.542529280098263,9.455746665525666
599.792436580472,6.29894484625478,8.669785877631886
628.1030722074759,6.301636368435012,8.806856269013732
855.1738376688401,6.713795284120257,9.781872521651863
21.594780049785435,3.4319599716810796,2.3880433882879757
807.264422025848,6.885151203505554,9.139556465405947
514.3583822173059,5.802779851247096,8.371417886842256
194.32824649608403,5.357074264985409,5.296258830660104
640.8484233945476,6.845159570680053,8.23045861725428
810.2623129627825,6.860150413587172,9.700211736174396
374.89251354482724,5.871034205887067,7.2015653454920585
661.0902108499869,6.546331613001111,8.946883077382703
657.8313383229614,6.1345471044906725,9.017402093621858
315.76088553486846,6.010309764586653,6.31346351440951
316.5357535828014,5.625154361695301,7.23707851195525
365.1204649118518,5.855120273094957,7.644213155127113
278.9681276507429,6.069940536140744,6.379933957641278
964.816433221409,6.483126683963852,9.575677898052735
390.10729799913946,5.722783081720489,7.444196617560049
928.247315475181,7.082482305923308,10.08963558450387
527.5032797821513,6.082876016359797,8.000725654991705
493.05510324524795,6.342663045296917,8.33482395228879
135.76412566857266,4.492996796963029,4.700247706514284
342.6891012490685,5.558127314296532,7.375106606235279
500.09873170044506,6.586494028486208,7.8543501183481625
661.9671815399922,6.5268654190321325,8.589413799062037
757.5771926953413,6.881701153399682,9.323766035656943
48.75947643412848,3.413828862633015,3.8658009125861765
26.80835300043105,3.521500363170891,2.706771744523553
715.5970390642508,6.920367759324932,8.857588605057172
93.32299015993439,4.154556500978696,4.946419804524518
619.3660967750035,6.079596417185952,8.95066202229605
991.4517200394469,7.276287017047473,10.23228771119996
556.7715036216464,6.491738403264865,8.229724605678115
85.24911752592735,4.293444250128335,4.181325453685449
705.454758460704,6.235332692169029,8.619731629587996
347.5315553289564,6.168487401400837,7.3372242097801745
197.1439538628813,5.183341698489593,5.667462456547477
170.39330001877417,4.790120821800726,5.139582708698368
645.502088191137,6.209586264047463,8.307988144921366
775.3121026211656,6.722229250620389,9.148569232116794
700.948830254575,6.211301288434474,9.226423266373802
42.20726481354453,3.305456991669882,3.5317633513731788
332.5521602824195,5.321823069054639,6.699896875993437
514.117368673266,5.894371621754491,8.257465756071742
932.7504549375709,6.79081190558186,9.346819084205798
418.17742202439814,5.54921874932501,7.352436025019391
176.99081523971515,5.012591486680335,5.206126789815183
278.3633689506234,5.22824751221801,6.4733141234025044
384.32447383982617,5.574107266889049,7.195360923227241
234.7540702244545,5.684952279926916,5.79553412711787
66.06795494827111,3.7157431704209243,3.6219734017715117
53.34872773146393,3.642807146476849,3.7153336110520825
256.16059206884955,5.420555850640625,5.868651864138252
827.8920959819341,6.754207265050459,9.78737632900154
872.6935780957319,6.308157052396627,9.8676832031195
998.0309078866712,6.472442786347019,9.683530144203619
452.24548746628415,5.746478501885823,8.077879670065322
512.9830554857083,5.820310328874326,7.638378769280624
953.7762200133544,6.827584419063367,9.4176538407673
349.368704206837,5.489410496367354,6.809155950236269
629.3006546454714,6.1992230091870795,8.66593295868293
242.9075243537987,5.603416948077255,5.890720897942
443.5845868999374,5.925246127345929,7.315700125637296
131.30433550150445,5.046609875737395,5.1324490049148705
997.9371294483973,6.94143397712193,9.606156096851407
858.098720135898,6.717668476992031,9.42162254007264
100.51743027467874,4.327336006356811,4.946981349444709
533.4730533759383,5.998794081589711,7.792752077589829
825.5134205751391,6.689355713495427,9.639944028921313
892.0741658109295,7.000913297588466,9.357051842434817
26.7989552813358,3.1128057375447145,2.4927063542485017
334.2471087457439,5.777158920342427,6.482048981865882
867.485777623886,6.968001289396529,9.960911673908019
758.7471247292376,6.486189640819402,8.864091679305107
97.82075244541998,4.99419088685722,4.333229288435399
763.2641187692162,6.930631522630653,9.586383165808627
975.6278034810846,6.598690382835231,9.917038883040695
869.4703186035633,6.529604713184589,9.794367038160983
674.681994802905,6.258364818349723,9.138382864701766
59.61977668514906,4.453679120183391,3.4463659578977595
868.6712181931169,6.553156226171759,9.285962114666463
321.08494417254343,6.0817581689591,7.145779530069989
709.8219735603768,6.127638482621727,9.126663980061563
609.7583094559579,6.8639309182572354,8.174458587533602
381.6664366387742,6.070381743573366,7.641048614306651
476.2494565643099,6.32779421375639,7.86803509992559
151.4252977106949,5.409387277958256,5.721515338745829
489.589983384354,6.479397640242409,8.303866475903993
573.9478208848664,6.32369572206302,8.210630291136631
301.9865464426025,6.124648022568698,6.923919514663623
484.82402388964016,5.794441584578787,8.041909248629754
849.4642080163989,6.707800574604949,9.79280214807466
498.1446860038388,6.696549388904771,7.517332646922307
666.6010952665713,6.550673360571158,9.000922642056647
267.9095977644468,5.283680474236953,6.276627076415317
257.18564322375505,5.953304174460995,6.04442199712185
55.48289063502854,4.19458109230798,3.6036044312823403
1000.627657936067,7.124941451239132,9.729935378083223
892.5407714373904,6.432784463729438,9.175797716847924
811.558734527462,6.212245568798685,8.94824291692551
184.79894072899728,5.617295981123632,5.812451901432539
225.61415351809123,5.288904628466844,6.512709492067771
341.8408518632302,5.9708028242275555,6.849424419041335
621.1548891857769,6.208974371878893,8.643562239182568
618.4336254347068,6.089097383332475,8.836368373745353
533.956230591945,6.422272007926791,8.383799433746585
591.060478901794,6.786643821950352,8.851247727304141
960.3402778839564,7.253068363645735,9.672930035035666
983.624895864574,6.981445156868384,9.734666155181326
970.9442007059566,6.599824621577388,10.001471440974294
169.92990868021906,4.6851704641920815,5.444285744300763
124.34031072858176,4.996673665917093,4.637074186205645
654.5962973593763,6.511541856939325,8.850142145884286
554.4561817066948,6.347155938731138,8.091618115793693
551.5662929427256,6.144567665863894,8.225383895275309
230.46083773127646,5.5995373922632155,6.048319719719072
905.9524865398084,6.657755535025333,9.754485539920653
548.0387447601403,5.833434059122865,7.926413469912006
487.8391548232515,6.558080263123448,7.563694333043013
191.88405742694005,5.612721887858244,5.979876971048794
903.1078274659874,6.572982947473803,9.816675490097106
345.4720868367137,5.788626709725877,7.197096285111068
774.7178945694392,6.458538421852208,9.410986377556233
46.6774388624801,3.8638084548025105,4.080269798188985
145.42522214836706,5.122200799727928,4.8221526575232785
88.63682915151638,4.585717829124422,4.071562643936721
153.04905249729984,4.664517880580896,4.90621403723749
149.45488174052258,4.988737461893764,5.571118288073051
692.5969601147235,6.388566350758184,8.367329602011598
173.90776712048373,5.241053336282267,5.985939067118342
493.4808236170459,6.612030687735129,7.695794071222394
165.7979215523737,4.680383241205187,5.540828979513282
986.9888803237748,7.370951622935717,9.549732237489378
800.3067921546103,7.1407481700480435,9.620823721351812
573.5216125158763,6.071684208302316,8.568537208365134
84.80977711267835,4.501919646945498,4.8519982448140535
63.40923560860545,4.648921853180351,4.445879267718262
690.1968796208224,6.141680424972,8.859490858548591
189.80544047656522,4.961819199159316,5.827489530065527
539.2795709153712,5.937218064359213,8.456832449148463
872.054798607121,6.583778537458065,9.948264064050218
593.5855752142116,6.691995591680879,8.114644099959916
391.74883339146527,6.126756031121142,7.142958900795913
913.7941113365991,6.497735988383986,9.703621409884056
616.4691360367925,6.042622204105997,8.873606635109121
824.2297808556056,6.553102860992859,8.920780034088088
232.05555276825496,5.328965699176592,5.88191248372253
24.26983507170366,3.181271382082855,3.1394406154943733
365.05976931462834,6.259986094230559,7.3752951968194385
363.5642838552847,6.330782684891478,7.3635069880380275
960.8831927936176,6.525305960922857,9.505356820486062
442.8151875512122,6.00579062103687,7.281111621172219
669.390870728271,6.167587745896017,9.100955730116523
96.49836452833705,4.705030953752583,4.791674822774187
63.90865190480521,4.326653405492624,4.455612547363449
910.1336575276949,6.342380416575311,9.322958812431041
682.4198300600651,6.556048130908229,8.548315686139734
353.3985543338275,5.381019727106866,6.873544094172226
274.7971532573998,5.7099280081583705,6.248293179421916
985.9364815528969,7.247931933957573,10.125639423272982
757.5356004628737,6.56285069281922,9.561296777244115
389.96433456069354,5.718108359553846,7.523603614291995
453.999073301279,6.587580109592683,7.684004556023588
975.2904229284426,6.405642196931058,9.636693959858194
41.31486279044905,3.6674170243024955,3.1641168654810876
410.2435169091129,5.532315182645973,7.843789398389172
397.7809699346401,6.221327214019492,7.518431738599061
7.089577759718856,1.9656675273839823,2.021126936698818
807.4837968046713,6.2747622831442165,9.70195577902921
284.85996534262324,5.832814901461184,6.1646783901099225
932.6644853700757,7.213173110766214,9.764534417398613
886.3215785412651,7.251607109865098,9.872199283062432
732.2304975291188,6.987419814212171,9.321396312113118
4.307991425526069,1.2972811531783979,1.244524164082493
892.9129781633197,7.26432630407225,10.111094358948732
650.2219587951812,6.593621831905631,8.177106326165333
237.80334770677248,5.86498078620453,6.362766768261976
621.6777434825798,6.411605092347631,8.847479118588252
508.081425923124,6.1571551418713435,8.275868158008965
436.0261044592509,6.026317173496263,7.940220952033062
867.9537202702052,6.319412747922582,9.123248313124204
911.8854441795811,6.559351945542598,9.54858171729073
261.6220727187522,5.261324033683879,6.874640818146629
423.70081369750636,5.774533868927261,7.735165859091211
917.0172437262963,6.96832494421883,9.782005693735421
785.8786644665105,7.028367685302428,8.999949328819271
21.435297055243385,2.873174317937245,3.1765491739438683
476.5236469193619,5.954147363187179,7.47565749151808
908.7540912958495,6.694786473145407,9.555444733612944
951.2646157703454,7.22934806611045,9.776186636781485
484.8431001484029,6.5637296132189045,8.123499532901837
465.28108077354693,5.761212423743126,8.132756982842855
601.871578254669,6.736782395431493,8.75987885277489
75.29139006656959,3.9864801356193813,4.700767463002962
20.384653639401783,3.010504296482627,2.7103257398737814
991.9701482116893,6.941011563339949,10.01272880993691
699.6119924356262,6.900606350178048,8.396845436060051
387.2061034420159,5.71951391480109,7.243477141221298
63.522579148690085,4.381205509640954,4.120498180205457
191.6562120582078,5.2254957250420535,5.895126711202129
16.29869114125315,2.4990039198630316,2.356305381078239
191.99848737903778,5.560554494834405,5.65101845306374
375.0495498691336,6.244641868107101,6.902520452230585
660.0553622647897,6.147762540765242,8.72149567009322
882.2633113879509,6.41396322980012,9.288804961311126
630.346200109895,6.25302060458653,8.559181979330676
505.68896783699336,5.7882199574902975,7.498250711427069
747.1982142136072,6.407683662248495,9.2765873493173
512.6883160906638,5.870204931114128,8.280990226131427
740.0468503118682,6.285721845464338,8.987742633439767
35.985822913008,3.3467637088737145,3.3676095017706573
764.1585024920925,6.665534296627874,9.083973383779652
220.87510042210835,4.9217074576024835,5.674024458203736
53.95911209694359,3.8063233175469,4.08184954920425
440.9722085999669,5.67313568889245,7.753039471203771
41.553956743035634,4.160659017539094,3.1914063948719793
865.2005755932126,6.347279725142202,9.32636605984349
876.805401322293,6.96266548787537,9.267559109580212
400.820651881042,6.0052883363570375,7.324701716925668
840.7553075281346,6.3935582504098285,9.542243014585733
419.4537443114883,5.9777450826750895,7.578009710399869
847.8519492051956,6.451441477738699,9.377297464895653
322.8146806857167,5.931014740307168,7.15501084490673
955.1574933107042,6.876796777590542,10.34578946055084
900.0840452284382,7.182896306466101,9.63517770397886
45.724534558495236,4.225867791401347,3.9436611025922987
947.1250182481508,6.519057585008058,9.642943672977921
590.731284248086,6.793378719553417,8.882818072499623
335.398338937142,6.055266774696588,6.749370987289783
368.4740150720057,6.27029573229861,7.39905185620792
912.3659392147462,6.417563511795532,9.478490848123265
143.89629792043536,4.741894488389978,5.355095671543194
717.0768614568077,7.01163815533151,9.16445078530097
993.6369488978656,7.224428570963399,9.695248496024732
146.42807244316015,4.971737176838479,5.514705368228718
501.2631433676331,6.447982513529721,7.491778984866034
168.55376610160698,5.037505788148042,5.633386830723349
208.13224603760406,5.08941010229594,6.040452186105073
913.8823841361334,6.920400863520239,10.16055836969467
928.6171321122943,7.183596890219855,9.947063765276946
854.754189374271,6.8391863593042554,9.48130887590352
865.6453003388272,6.813720825043031,9.195192281426447
944.7548342458641,7.281724267527807,9.834014139247294
831.9374952492597,7.097610544988697,8.911993306124447
562.9037184134144,6.639518426621815,8.251937225711625
575.3082129668479,6.4185689912085815,7.87325145449492
831.4280295645663,7.213344952797986,9.007143874570005
995.1404534854082,7.107035541391213,9.775776613039747
674.0612218872946,6.734315993326806,8.798647734488654
21.30048918435401,3.529071416227292,3.0005049804507147
704.6525108292094,6.458752530100549,8.542029720294908
756.93357888431,6.912223954958938,8.744685568161765
214.52076159267642,4.911792849402158,6.215377608761532
464.0175898852894,5.665972672143247,7.581331205117242
229.03806814844074,5.889791744679623,6.544121336740382
683.4194163820699,6.470584310314799,9.22121897627419
374.57194763657986,6.382365551249581,7.1429562163961995
672.3765383707872,6.332084379648563,8.666048178568175
33.66741752535807,3.353321555084102,3.6155877825822973
297.9589883898144,5.812105089786443,6.771630163320578
817.3425551589085,6.245756474826422,9.44231017707493
400.8186748399577,6.085431706989794,7.015821570651708
810.6937985067942,6.3346386945606366,9.435467529411127
615.038786305139,6.442287279051325,8.608837715932003
961.8716576267852,6.996005649788904,9.490407711789754
59.69456424735675,4.259424285906617,3.91415383181188
868.911037430936,7.077007548976158,9.9030212896337
882.7153089280525,6.446319037008173,9.942455233423056
839.4470921269088,6.427198617740427,9.186335032220372
650.4904746506936,6.309385741527505,8.266591509455784
1.3901158047263653,0.045241029330849336,1.2477364180070776
39.915019986676235,3.9282276708331967,3.8484116449200507
770.4925866442861,6.447660604402947,8.73055785712889
462.8227900827104,6.434344577795721,7.238339653497302
910.1629917242333,6.339666959767028,9.883454831923128
499.4351297450066,6.704283549051985,8.242426556567015
840.7504081505894,6.390709927348007,9.562429392173339
302.61027585565125,5.963308675460374,6.897252974074287
995.752558179571,6.787080696550151,9.715582896258136
641.047356194624,6.299384049559479,8.181386831668801
896.9907687138083,7.03959286464784,9.695779085038163
374.40137452508316,5.839850360969993,6.923380319406671
246.8192438208463,5.115887373562594,6.566928034850942
821.9052185079336,6.818732084326844,9.279854552278486
621.9241161754487,6.894754949354577,8.072381576011468
770.2256611517463,6.378850208329058,9.013488227735342
225.78135355757368,5.539574189887818,6.402647707897395
539.1177619355035,5.866266386435579,7.998896251984843
780.2124053317917,7.115601845334714,8.85587615567013
358.45952947316607,5.432748416625148,6.60714342963588
21.277597586530916,2.841437692343405,2.4565152683364158
591.6170823225567,5.961797354335267,8.891158091687894
727.9855617272,6.775450509588791,8.749726948099248
425.7638832066926,5.737205267179586,7.602527222154773
897.21476128199,6.475578599411095,9.300394131961811
652.0364620189612,6.008359211001075,8.96973174140683
957.644729635668,7.1628644023919685,9.691050699930722
38.17639645915016,3.2141965634830565,3.203013282219416
116.47708643951293,4.832614420483591,5.025166777651393
593.1412257628019,6.135787319906909,8.260657994944742
617.8391364933747,6.663753221774844,8.214359697816544
750.4607821971872,6.903933714615756,9.427809318321339
930.8324523085842,6.4149807581109615,9.69872173893146
678.3435996195135,6.095769191756394,8.492287112593132
520.993722192651,6.736877543589693,8.282188050771417
358.14958509357433,6.01513576574475,6.946206785130995
572.3488175980866,6.052344443800711,8.088124121257746
524.5736245699413,6.0037191241096055,8.547214193324756
469.014951264472,6.056479283705582,7.77093680500974
715.7887417951521,6.33564055286705,9.117222602919684
963.1883494888865,7.331453467023058,10.21898758396906
917.4473158357691,7.147874507077788,9.276120313581416
459.17838577972003,5.971902680676397,7.353424147842484
404.97012889880347,5.63761457637954,7.783093592601289
342.558634397486,5.921868289125553,7.040267560010749
237.5286353465601,5.112706186510429,6.02961237009303
200.32130745752508,5.465168438003898,5.724970600840436
298.07161706677266,5.537496123097606,6.57594291627256
949.2445599570607,6.45968830328693,9.332248285730042
256.83718843941205,5.419728413930536,6.7287258765853615
967.4831730693422,7.130958816536148,9.671689738063183
575.0066823623214,6.492087734441861,8.514667295378306
761.5565080203229,6.575351647023545,9.500356117889888
994.2851625458741,6.683743096694639,9.759900927570534
393.7951627370564,5.482326795495375,7.579424087123909
262.25951731419207,5.275917383621457,6.528290346664841
17.14141914094469,2.8866929710579963,2.4519168753381995
772.9935499039706,6.609750916228364,9.377483660745757
548.1686979986196,6.708451823843791,7.771711730507157
161.79818388307243,5.251336812316447,5.460844996835395
885.3109399688949,6.294845058550041,9.855987536615078
490.6527281401258,5.978299396265657,7.561801974272398
354.77249476698967,6.004814088466249,6.687089604167378
832.3059550661742,6.813858714707652,9.094408516288128
783.5672717123368,6.347281314779341,9.42741688095108
449.2131074153871,6.024866145223851,7.522819986737541
36.86513212019682,3.150871829497584,3.1239767348306
421.6638335389964,5.791259381277412,7.493593726037306
680.5910852314224,6.7220686523416155,8.633104547589724
894.2976074486008,6.526794704271547,9.25811163698347
588.9229301257213,6.595785170589685,8.547188916181998
318.43656995880144,5.654099980281876,7.114310083247364
104.81626710496994,4.985333144990011,5.124576518984998
279.41457607139677,5.7607772113892945,6.907972859565071
785.9223327133648,7.054592621483051,9.726631516650572
959.3207690474826,6.914237617008359,9.42962299933983
533.2743569172892,6.509775209242705,7.660685904492586
821.6655746933375,7.121838283035135,9.20806787403834
163.8468946719095,5.15559739239094,5.074399085522382
877.0841035616909,6.3506512259309424,9.19069644976481
854.7837838422186,6.84119053345624,9.964965726432052
57.04213555119764,3.8365519828505077,4.273624759778876
820.1538108336948,6.4287403054183505,9.6365144415876
832.0607502665199,6.706328075424911,9.261929250478193
926.3787394150464,6.384803200126162,9.867136602433261
478.5440440506462,6.310349767498296,8.248794449942322
440.26341353109865,6.3487821046885236,7.675639546250358
537.4729483297945,6.389667249780013,7.889301877208309
399.3200527331369,5.777357102086075,7.036566510008103
283.4206881204312,5.2579188415766875,6.624998421666114
382.6458104882441,5.888539830902309,7.347834587442307
933.9763159800276,6.9702852607231645,9.750517245683142
862.6376663792332,6.710700899992776,9.44565359547165
623.6426777165746,6.173077165532858,8.14461893526363
425.5290727983526,6.4815598954780755,7.163626948320383
941.3719485879078,7.277194775086537,10.298250083028247
508.01093870933414,6.219521309264002,8.175779035414628
666.0616253953402,6.041689494869043,8.88352720207684
683.1797593806322,6.1375734261507375,8.831086234326193
418.63821136444255,6.007312454647681,7.930449604495307
772.322292371563,6.531376329737315,8.953220028970572
805.2252796242799,6.363663851368352,9.29955488214263
354.06523203188755,6.274666545380981,6.9061654433524975
345.85702478663404,6.153897604999948,6.789884074579254
72.23798182592822,4.520575323518327,4.304544896528078
579.554949762927,6.221324682050078,7.856450528053501
415.0097095381634,6.222964118510169,7.803066298222497
77.12224363356368,3.8994978690200357,4.671086231560999
311.8373821087219,5.826476402852728,6.611053961613337
644.2030179897025,6.528252718285924,8.795981712148246
802.2288742987262,6.825886498203137,9.068961329678254
424.1785825719917,6.180704793813849,7.1418850446470685
248.61939538956435,5.858159228313186,6.686738381118747
94.93269775072477,4.568169986339743,4.383359294897528
235.701588181925,5.624872168840431,6.43135639974708
937.4140257806476,6.980497835283103,10.240328578895705
609.6220056335475,6.5681154572869875,8.028235969313746
966.7653568538162,7.223837994284064,10.038026432140223
916.905311486556,7.127133080019395,9.96639747183951
385.41403702048285,5.95808923233579,6.859635482697356
557.6079983209415,6.192152382618757,8.36949912225637
363.10933294707945,5.8076444954228705,7.354640493904471
160.4781720769408,4.985792952371379,5.831642958537846
37.72628825463986,3.886706942331214,3.5941554490140217
150.0076936909721,4.723612676316096,5.713824504033969
927.32261200501,6.361558575741718,9.972377980771896
39.892135846112396,4.028128657356257,3.8624138865330635
403.68377285244384,5.579297040724939,7.448495591405554
560.984230015654,6.327997886481771,7.761318795309148
126.82877232802913,4.493575405872712,4.562495318964368
412.4837371840636,6.183983057013228,7.817736922983671
695.8609904294142,6.159916083005257,8.812077105437075
686.2620614498092,7.021028961671613,9.205958458988958
421.20324446507726,6.408072058436808,7.960674438403759
618.6760360926503,5.9565358416557235,8.115145060272896
599.8997790223381,5.995636669683894,8.875134537410755
131.9780228769547,5.156141204798888,4.73539271041329
567.2246180765828,6.283554446576322,8.018583502576742
820.9323667590129,6.5889762646263215,9.835290950290576
114.08302680525006,4.945882912709982,4.66302806778971
153.04450547711866,4.560712084833936,5.564029080237049
109.13522886190108,5.1616516109233075,5.241401205854115
13.64202538270398,2.3585626059310005,2.061937708604206
551.7830206139664,6.386845071559349,7.745260480380081
508.99600836443005,5.776734184015575,7.647133210484145
633.8281704530482,6.699839094569948,8.55166710789338
111.2820568650914,4.863595917460595,5.199112506415986
315.5390211720888,5.65936357523086,7.15213054968578
440.9204389088126,6.153845293670737,7.235464542113859
406.20572901591055,5.622119503438159,7.080861475809424
156.58142121853692,4.7583989458281035,4.920380993689022
679.4833676613152,6.303833471466404,9.228242813707773
708.9288990794269,6.609296920313705,8.965909559418247
17.760450208464505,3.313874292070227,3.00189784638481
285.21366691075133,5.9280278406014535,6.569582019163032
556.4157823541743,6.759071008066621,7.808866035353527
310.7078033387629,6.084981372902123,7.116872478146578
627.0955995643391,6.136333320155499,8.821755412301648
448.2948945034795,5.9780734917101706,7.43231527291602
342.08307208609966,5.47213692295689,6.5337515466233524
960.2317730153273,7.148327797021097,10.209643019143122
512.518954714543,6.535768231634185,7.914476486972011
222.39752964234904,5.8188700032177785,5.767107407641866
811.7749407244238,6.445345400193174,8.981238486022182
2.624487191776103,0.745568745811767,1.362718761826208
808.0766906412939,6.887862252204479,9.747981658440603
238.39137136159317,5.971083988949272,6.424297538716537
571.4122697647508,5.850063119425435,8.266095362755074
602.0794445897636,6.42149818150209,8.154824262600739
434.18943635297427,5.7500061619789475,7.47341000507768
7.060447830588234,2.1403694109251115,1.9730934030599236
353.0241274524484,5.911486352347861,7.079141780167528
810.2133899931579,6.85019651177964,9.119507096195548
344.1216610381874,5.4830391099192575,7.097592814035579
422.80068022401696,5.929154298804598,7.067362723293225
551.5131761945496,6.551632784439066,7.967341339753777
728.2039034328897,6.627760478192606,8.976952321736505
65.0361888008848,4.418623415592973,4.116335127116404
181.97321214377882,5.113191494123625,6.152652298348988
536.7305579121,6.043602284414274,8.620568977153535
816.0867941235238,6.432860415724257,9.689189466345773
255.19174018333635,5.386049968130443,6.041558225162214
326.30721400513397,5.628933701470855,6.769106420222467
77.36765054234328,4.782294245823542,3.9890339791735108
263.5697084008012,5.6661163396252014,6.792275062295
583.8533583089196,6.683093803091086,8.69830165547685
603.521887064878,6.171893457862088,8.813096205705477
732.7809615820513,6.516108830036799,8.92642662684736
880.1131159593928,7.095944153825977,9.435820192314495
489.28387337749245,5.7753065606273015,7.927570227049066
426.0582687642832,5.919662335964205,7.688276494792708
937.402556338992,6.566901308853383,9.621477835050662
776.6825323327378,6.351056118429581,9.259241986642369
654.9342229692313,6.5883317019099765,8.306400671842981
916.523920068414,6.371122813179897,9.842803923450145
419.52184733131213,6.457164663016762,7.931841782279937
587.1531292265886,6.185070116536094,8.184936441623595
346.57428115587305,5.72903162902406,7.403004695309173
470.0361784731678,5.673218144675487,8.040162476962415
614.317091828033,6.850722123426636,8.682376984923541
213.75840469735974,5.2527972164422545,5.674621012846345
119.01367107477145,4.598698797390173,4.820075867055696
966.0908317203235,6.528703958463368,9.783033585741284
840.6609000663826,6.694699723190882,9.554964001833321
155.78768668445443,5.072842778664002,5.36807856320951
820.4804602112288,6.223740923188201,9.738258561054813
422.04369081657234,6.0613940024655815,7.318096343571271
427.6580112941949,5.900225943472648,7.686872159320023
604.2548769639659,6.632511913250392,8.920945556724769
636.8921870881792,6.752347701815615,8.881673275800077
318.7821974792889,5.762366526179317,6.904750283358878
425.48428022782815,6.404521674951658,7.974523781764847
331.79293219725236,5.647516155588332,6.856282770099469
123.11180733557892,4.712793648764853,4.75333247355148
10.274824139513193,2.560528785963511,2.5298732446157777
541.5896016282176,6.3717509191095285,8.305747200687957
281.90571761774453,5.856731554943148,6.158361612950419
240.33091774309756,5.9206129130149545,5.874269394170152
209.5375054534806,4.995484000416103,5.962536255262084
421.3156041669078,5.857348959675465,7.384213197995992
706.7232262079867,6.392708891187334,8.827499284500115
49.801674294122186,3.4820732490920845,3.2306964344350133
694.4579628181623,6.25230510207437,8.522440684223751
897.7326370772537,6.479869032481722,9.603400756619934
144.98159744213257,5.3758640691535,5.0225703047730175
816.5275876942602,6.806247119898186,9.484737415066284
529.8256524633841,6.576545333954003,7.85368804828933
235.22846040479172,5.195003196481292,6.434342997033148
611.2271852341833,6.865339051448012,8.722405097664936
899.5041789157822,6.571516491281154,10.045434876319659
700.1071485876118,6.241152500619061,8.522352388280295
730.7189390433757,6.352494305340225,9.482353433125784
960.8370807470513,6.795430929980876,10.015323033444018
244.08503854110774,5.857866863171285,6.059443353253919
429.542737237932,6.010390564799709,7.839008818997108
133.34633520257754,5.09029857432309,5.250787354115839
687.3526060825903,6.899217549899191,9.160663376606413
610.1950465632369,5.962949182247735,8.731757253717037
449.6271858679545,6.082682977980995,7.224591215264517
75.66158445750281,3.880361608995223,4.623992875819512
989.5897538874966,6.966989773075738,10.264666201887284
657.0177405227857,6.713442074886788,9.118371453205205
867.7319966462011,7.159071485374552,9.674835821468838
527.4400420466799,6.05230023811332,8.32401565535712
834.4141242164281,7.040881856792744,9.733602356651149
257.3819724920688,5.064541531781088,5.923622512745808
650.8781904217102,6.054350552637097,8.953389415482492
491.1473395835944,6.6789273701658,8.188167073005946
754.4831553978727,6.937487263690726,8.753504607533156
375.44865315890775,5.582398550473229,6.954915633081014
754.4026443478766,6.29192043562096,8.777532984364706
401.2163802458054,5.9626541386831065,7.509603160343651
95.8366061392475,4.649937151033606,4.7414733614700655
413.5089727888731,5.865391990565805,7.2963937477011696
338.1601660863786,5.878985724251395,6.756734091803023
714.8596259497101,6.248390272089054,8.803681308537
105.71162788494503,4.986656057947696,5.070250541717812
284.48029375503705,5.554745248440288,6.921328025785913
453.21261701616464,6.4808144319617735,7.190027549722845
832.4017554971664,6.613172241593282,8.999793783036322
504.1640406533326,6.57577182169195,8.220207141936452
678.0526493106981,6.616592802040838,8.78572603839934
263.1036917853681,5.982742261220292,6.8774754634660145
823.1469029248021,6.725165564776119,9.436420446473942
467.793362652689,6.541719749552136,7.795439309594295
597.8074404318149,6.778855483404693,8.593045841071683
668.5376197093444,6.239980006391591,8.60739065944372
90.55996589372783,4.370515631947995,4.26032924494741
922.4774463415473,6.349016623643624,10.180556133329153
911.444318382548,6.769435452139931,9.489302280044441
719.3736417274687,6.243416847492753,8.493106337343269
408.19189585739576,6.503919853283767,7.026580397426642
879.030271776311,7.121681323666886,10.036248225770716
182.3585597599424,5.025854104393786,6.0153556859912225
928.579472182295,7.069389678666235,9.64493009330569
946.8925636385687,6.690995913619471,10.065566650259225
825.9976174767323,6.220154451483549,9.879854174081252
345.62043109608567,6.029910109209855,6.7556878909930775
860.7291673705129,6.9563351262151505,9.435316277632621
43.48634245209326,3.8782318207750235,3.1715550692788708
597.4285795204072,6.250535927194331,8.155300615900426
274.0284302861583,5.423535455308985,6.3723093604743335
147.864589766043,4.994591554319066,4.809049681901477
453.0492680996974,6.543547251474791,8.074643771850937
335.20863406316414,5.774592446470509,6.544413105102853
605.2246094463568,6.429855562934318,8.562000320650709
846.1288175781588,6.323191180232357,9.418633111310047
48.1233984380025,3.8173246083890375,3.5029351063861562
929.270745239454,6.3534833838685385,10.018948008347342
949.3687890493426,7.161989255208154,9.634538232562257
435.57195860098875,6.451091292766403,8.010347359329947
386.11337081497857,6.276118950566006,7.045331714735822
190.7462040544484,5.072647308527455,5.484574785952793
354.03347432332055,5.645151186164605,6.737157514836642
730.9749285373324,6.646818300985283,9.378663208632831
18.368256931205252,3.1174303586406635,2.5983631777245177
908.870019039509,6.9688622696418925,9.84479178588233
444.1206687088285,6.170616484162867,7.329455046858109
778.6146267474587,6.200135393920151,9.634356826238749
379.53795965105087,6.314290215740246,6.988133707376915
481.4085687354976,6.5385239429542334,7.884341132870471
482.737786396621,5.84507508740286,7.776101718557386
193.06806574018253,5.1399021395292355,6.235636929672509
981.9349649636532,6.639053746945381,10.01180285455393
936.7741373024461,6.416666482164592,9.890971294734866
433.3860196622028,6.032522331630754,7.65428982011713
373.3395208866854,5.485828603041902,7.18884891147896
497.7336749551573,6.141143653134252,7.943277347631998
755.3697199507628,6.287825128727952,8.621305123055624
179.833114820784,4.790584871374765,6.075175363054244
82.6058430745139,4.889347024878308,3.940546805273161
252.44495720307947,5.867596450322695,6.409831422138309
540.2709400574375,6.654422185779074,8.58245525672481
715.2478459355484,6.4207253773108715,8.755178793856343
34.6233413908843,3.5787662727648497,2.7786242178431007
365.84919810800807,6.399075354797932,6.6819256821728805
898.5394036670523,6.319831198836378,9.237594926754419
463.35066657993394,6.401948526659632,7.2937009843839675
77.74474563485467,3.936577838629132,4.191732179333776
554.7134243443237,6.693511628911568,8.227388527130898
476.1621326100516,6.092652355440613,7.492221830275551
186.4211929831594,5.649660288809764,5.707624796032333
797.9365831765407,7.069996099607382,9.222685435745138
576.2817353034549,6.109605262176273,8.618669238640273
586.8349226618119,6.299618800280711,7.878695829224789
212.20185715981822,5.82135481047876,5.738619670962155
839.8388156756043,6.776717783769296,9.111699867910572
828.3045786800292,6.617345446744194,9.003053211900331
255.8806246121179,5.907051014396052,6.719236550336086
549.9263234875295,5.902477213309666,8.40364329014733
333.45847079734426,5.483024143085594,7.389323610596822
692.3451901839213,6.234878696814116,8.684262545059264
205.94348234431558,5.488316935185005,5.6276511866961565
590.0893431943646,6.31161855558534,7.902539912630752
520.0388774104882,6.464825495564236,8.528347218799162
522.3286034853688,5.837342917947655,8.302009096611577
632.8645026812269,6.519282769539977,8.148666007972853
986.7856316686696,7.344916871243178,10.19687228521788
979.153185651829,7.1192276062312825,9.54584004811257
277.73415483950316,5.522993095373612,6.206600032029511
222.5630925189884,4.963526045899713,6.1931126535114585
277.91006124376,6.087643799495792,6.525346789220632
661.0827965220398,6.689804124807667,8.595934120456791
438.0972357409003,6.469296251927128,7.577023377456206
116.01492383150902,4.6590194867017605,4.922803525855224
159.4873560885508,5.151692792794848,5.282330896358218
192.8739016716362,4.8580523262293775,5.893555983694102
51.200528455408346,3.874091773022912,3.7849778717360967
997.1718583151647,6.854087050857973,10.254548074883973
58.51770292862779,4.3166498778571345,3.503934773460128
866.7366305047981,6.351819716623165,9.459412269930649
272.8423455469573,5.326860467418174,6.08244731508294
720.5228730493943,6.8665181933750885,9.273846704590078
991.2292264599059,7.169377073111054,9.958471958053948
428.08166325657646,6.146952684558737,7.886892589022615
823.4356369280921,6.749719798104696,9.025699329450271
594.9264760778623,6.1210281767588945,8.59526450660933
919.2323724154339,7.058323540268604,9.637101611166372
945.9761570414421,6.6350042841415435,9.537847839462014
267.71665078142536,5.482487576479412,6.425794571704539
865.4082752741266,6.7785511644274585,9.790169873037177
701.5002116064433,6.426789269822963,8.704217447006156
456.6734218948796,6.575263440753189,8.130758703645453
359.42406707366916,6.235504996572633,7.548044680804101
441.61233022472635,6.183726039931441,8.027232689753019
477.5267254189367,6.144085235619738,7.872907731068742
684.5443601999445,6.551035420963099,8.761302632767539
45.919238415821795,3.6064606646040387,3.4986177768784845
947.7142226871582,6.80157257257224,10.250201530733545
896.5387423950185,6.672857837828014,9.43432146117996
460.7059705117129,5.896875277914994,7.5836812033126595
272.8336671886625,5.269579084686315,6.411206180346782
601.474288523548,6.624020729535944,8.542206149129338
500.1254274785181,6.3863292886311624,7.535718389746117
345.8727814125686,5.492366728979136,7.440791444414422
744.3156413742242,6.788343293524401,9.560919308581347
904.3256936389802,6.331437470501998,10.124955151381789
852.8228848839327,6.99449171913048,9.748295639924134
274.03139339317363,5.322462548616827,6.57178504250105
520.0336962079837,6.431169550627964,7.850309385074695
185.44408405131452,5.47501200663604,6.045939724645774
742.9924800260735,6.2463316685213295,9.467406218146724
821.1050077524013,7.157501125485637,9.005425638316717
630.3128401234546,6.445829997767975,8.697041689913375
127.23185282374838,5.072461121789247,5.242495206587206
914.5135738028209,6.8699094367031694,9.294408061634433
844.0686068470258,6.528761473742341,9.711353074137543
132.99318406714423,4.499115984899165,4.809441001969028
805.9222788802034,6.744883288147083,8.97465974491497
935.5503063817292,6.742930209153426,9.335680668064576
607.7153832773674,6.066725061476114,8.698083131882623
683.6940146185157,6.184205228261901,8.557696827132252
83.22417617163613,4.799866136788785,4.088562272115423
494.4205059820849,6.2279684160247415,7.963685430907713
589.9701750751241,6.089538231665362,8.288543558912147
692.7517523248296,6.9072689939232434,8.566884456368042
291.63260788974554,5.23334958835276,7.087745452594736
21.956139054447153,3.172410183062765,2.7626632747299213
803.8627295131621,6.768779578873393,9.632989190033035
635.7805209239377,6.212726982463283,8.232981585175589
171.54129076812453,5.19708313557532,5.395056965888671
507.72028150723446,6.538623000117217,7.76202631298114
27.581779426412822,3.770347369475364,2.6859653778803296
757.1766740332022,6.90142935312401,9.226656826258315
275.628409135914,5.496113246440652,6.486415261198052
945.4579778959333,6.618588526879001,9.544770231125012
58.67948402809697,3.706149639591708,4.32129934385947
66.13831554696814,4.198319826671144,3.7694052233413182
197.99768287970977,5.177084024347652,6.212402485177171
837.7670200927283,6.793389335999046,9.319827330004877
352.43826043295854,5.403008307134961,7.143588244453673
959.0251994273101,7.135750746554474,10.143373146251195
497.2221653667106,6.178092854887465,8.042135331032846
915.1859819963478,6.760754586051639,9.702864470069262
891.8974558289062,6.332189783572552,9.780899258375321
119.34992651696852,5.207427170575,5.17083378006746
552.214318853945,6.274498502534602,7.730136753448066
916.7556981239469,7.171841406124448,9.315959381413853
965.0485082576579,7.03665923148555,10.1097461253138
680.8976399156564,6.304686032544082,8.765082745758841
608.7263924961021,6.666717633809153,8.163991122671662
576.771846500873,6.683751833689992,7.930127042621312
975.9458654154025,7.070982749237318,9.452062424791208
871.4236206342946,7.067087646376191,9.69902849023777
448.87963701581026,5.802393844134375,7.577363990457623
335.21514972770683,5.325733953349666,6.73654539003316
213.37621572933872,5.153173439615918,6.457627961081627
870.8304188962732,6.599576652119027,9.302729353492362
806.0944447386266,6.200044361959355,9.367505681411751
51.751587882350236,3.88439888636802,4.202951846593519
786.203851359213,7.097390086837169,9.164306960051402
465.32398650164185,6.326271541908281,7.254920129870274
590.0582615208959,6.274760578731657,8.396822923604804
512.0745127783825,6.51407252495336,7.84214019745635
350.12048246060743,6.280502126237424,7.032629250874247
848.0177237513628,6.4242054657668,9.33640172102579
23.64208763896891,3.215451306343004,2.6529075671359315
784.6845693174749,6.784433380148061,8.744231640824536
109.76830500796063,4.5338986772139815,4.3324674977528685
453.58473571854665,5.6244350594502635,7.72074079931594
579.7829410431926,6.094173147131132,8.216039629464417
522.4442426615651,6.091976710542348,7.772701091029445
718.6642082368564,6.415651692284661,8.566386098812158
628.8991644789259,6.607554032943737,8.994967366219447
571.6386281016339,6.4797927472213654,7.9654034598506405
163.3391115515159,4.892407969347817,5.917114876623518
859.9560535873218,6.999492400549041,9.365130836852167
886.9333293531333,6.302831888644426,9.109261763922238
678.1720927841633,6.951490290811509,8.750420233259511
28.54879126322729,3.192702371535932,2.586675123849952
744.0670108951152,6.445445066968846,8.87446000245833
296.70287394028605,5.925916451208903,6.214455804861739
163.47154386252717,4.622846513364117,5.622461717128419
866.8955645018189,6.506835037295211,9.653463169130502
6.808157194621688,1.6357027874774825,2.219398539591214
564.5044450303781,6.737717849903578,7.99299237862753
697.4156126266303,7.038991417210914,8.986155670114515
772.846735183175,7.0849259231968365,8.75147852640072
634.0673596526244,6.616911512052228,8.684163069992929
304.42212901165186,5.37960836601252,6.379699206658935
795.1623553439856,7.164467137939477,8.898886304248338
543.126003146912,6.4790141842269175,8.388205966738084
741.3430359689285,7.0352407718337595,9.267707996473106
279.5917535825145,5.949523596447505,6.16643937284102
350.50430430882363,6.269565047766522,6.946611339561074
698.9954091391813,6.87530326848261,8.486125490907217
34.4259186522613,3.220409609225982,2.9670109954492165
100.91833528851168,4.9625609364742385,4.283556630774265
865.0243144779572,6.361785837230952,9.088022560515407
91.86911160850907,4.4159000296002064,4.133557667079006
922.2255175115823,7.12731103219877,9.310322740865574
788.9630323768107,7.077394384196625,9.227068390888967
71.69555161040475,4.355920875428543,4.36318102679136
819.4320254043514,6.583135572444475,9.829165647848518
635.8675616910484,6.512792277623102,8.554223375923558
416.31713839859106,6.264679688116297,7.073297479603601
837.5405722197206,6.664670509107701,9.036493338453905
573.7873195235775,6.851773494910615,8.54868901962892
